Date,Open,High,Low,Close,AdjClose,Volume,Dividends
2024-04-02,34.90999984741211,36.11000061035156,34.52000045776367,35.90999984741211,25.31314468383789,104300,0.0
2024-04-03,35.56999969482422,36.729000091552734,35.29999923706055,35.68299865722656,25.153135299682617,517400,0.0
2024-04-04,37.209999084472656,39.35499954223633,37.0,38.439998626708984,27.0965576171875,708400,0.0
2024-04-05,36.66999816894531,38.54999923706055,36.527000427246094,37.119998931884766,26.166080474853516,473600,0.0
2024-04-08,42.470001220703125,42.470001220703125,41.380001068115234,42.029998779296875,29.627164840698242,757200,0.0
2024-04-09,40.75,41.040000915527344,37.849998474121094,38.720001220703125,27.293935775756836,792600,0.0
2024-04-10,37.25,40.0,37.0,40.0,28.196210861206055,846600,0.0
2024-04-11,40.720001220703125,40.810001373291016,39.25,40.38999938964844,28.471126556396484,589100,0.0
2024-04-12,39.880001068115234,40.11899948120117,34.22999954223633,36.20000076293945,25.517574310302734,1046000,0.0
2024-04-15,35.560001373291016,35.810001373291016,31.260000228881836,32.31999969482422,22.78253746032715,1496300,0.0
2024-04-16,32.099998474121094,32.26900100708008,30.621000289916992,31.709999084472656,22.3525447845459,722700,0.0
2024-04-17,31.260000228881836,31.940000534057617,28.549999237060547,29.920000076293945,21.090763092041016,1148600,0.0
2024-04-18,31.25,33.0,30.75,32.40999984741211,22.845979690551758,619400,0.0
2024-04-19,33.66999816894531,34.040000915527344,32.41999816894531,33.25,23.43809700012207,1153200,0.0
2024-04-22,35.02000045776367,35.84000015258789,34.56999969482422,35.5099983215332,25.03118324279785,632900,0.0
2024-04-23,35.0,36.119998931884766,34.93000030517578,35.38999938964844,24.946598052978516,393700,0.0
2024-04-24,34.90999984741211,35.16999816894531,32.290000915527344,32.599998474121094,22.97991371154785,719000,0.0
2024-04-25,31.75,33.5,31.479999542236328,33.310001373291016,23.480390548706055,508000,0.0
2024-04-26,32.470001220703125,33.415000915527344,31.8700008392334,32.369998931884766,22.817779541015625,357400,0.0
2024-04-29,31.079999923706055,31.719999313354492,30.239999771118164,31.520000457763672,22.218610763549805,505400,0.0
2024-04-30,29.700000762939453,29.940000534057617,27.700000762939453,27.90999984741211,19.673906326293945,981500,0.0
2024-05-01,26.139999389648438,27.8700008392334,25.200000762939453,25.600000381469727,18.055278778076172,1252700,0.015
2024-05-02,27.190000534057617,27.899999618530273,26.700000762939453,27.700000762939453,19.536376953125,456100,0.0
2024-05-03,29.399999618530273,30.399999618530273,29.3799991607666,30.31999969482422,21.38422203063965,616800,0.0
2024-05-06,31.739999771118164,32.36000061035156,30.920000076293945,31.270000457763672,22.054241180419922,802800,0.0
2024-05-07,31.700000762939453,32.45000076293945,30.950000762939453,31.200000762939453,22.00486946105957,378900,0.0
2024-05-08,30.059999465942383,30.8700008392334,29.8700008392334,30.25,21.334850311279297,332100,0.0
2024-05-09,29.450000762939453,30.799999237060547,28.957000732421875,30.520000457763672,21.525279998779297,477200,0.0
2024-05-10,30.829999923706055,31.200000762939453,28.274999618530273,28.770000457763672,20.291032791137695,740600,0.0
2024-05-13,30.719999313354492,31.450000762939453,30.566999435424805,31.1299991607666,21.95549964904785,360400,0.0
2024-05-14,30.010000228881836,30.209999084472656,29.100000381469727,29.559999465942383,20.84819984436035,382700,0.0
2024-05-15,32.13999938964844,34.29499816894531,31.8799991607666,34.0,23.97966766357422,1118600,0.0
2024-05-16,33.81999969482422,34.290000915527344,32.310001373291016,32.95000076293945,23.239118576049805,736900,0.0
2024-05-17,34.08000183105469,35.369998931884766,33.59000015258789,34.95000076293945,24.64969253540039,839100,0.0
2024-05-20,34.77000045776367,38.06999969482422,34.5,37.97999954223633,26.786701202392578,985800,0.0
2024-05-21,38.900001525878906,39.25,36.90999984741211,37.0099983215332,26.102575302124023,852100,0.0
2024-05-22,37.619998931884766,38.560001373291016,36.97999954223633,37.459999084472656,26.419952392578125,551200,0.0
2024-05-23,36.939998626708984,37.13999938964844,34.20000076293945,34.689998626708984,24.4663143157959,970300,0.0
2024-05-24,34.95000076293945,37.0099983215332,34.45000076293945,36.7599983215332,25.926252365112305,519400,0.0
2024-05-28,35.959999084472656,36.11000061035156,34.63999938964844,35.95000076293945,25.35497283935547,770700,0.0
2024-05-29,35.33000183105469,35.43000030517578,34.529998779296875,34.66999816894531,24.452205657958984,514200,0.0
2024-05-30,35.689998626708984,37.119998931884766,35.52000045776367,36.189998626708984,25.524242401123047,578400,0.0
2024-05-31,36.220001220703125,36.220001220703125,33.81999969482422,34.959999084472656,24.6567440032959,625300,0.0
2024-06-03,37.20000076293945,37.76300048828125,36.119998931884766,36.52000045776367,25.770252227783203,783300,0.018
2024-06-04,36.88999938964844,38.70000076293945,36.63999938964844,37.88999938964844,26.736988067626953,652000,0.0
2024-06-05,38.72999954223633,39.41999816894531,37.779998779296875,38.880001068115234,27.435577392578125,796900,0.0
2024-06-06,38.709999084472656,39.2599983215332,37.821998596191406,37.900001525878906,26.74404525756836,446700,0.0
2024-06-07,38.90999984741211,39.189998626708984,35.44499969482422,36.5,25.756134033203125,812000,0.0
2024-06-10,36.5,37.47999954223633,36.380001068115234,36.709999084472656,25.904319763183594,722800,0.0
2024-06-11,34.2599983215332,34.68000030517578,33.0,34.529998779296875,24.366012573242188,1001100,0.0
2024-06-12,36.33000183105469,37.20000076293945,34.29999923706055,34.54999923706055,24.380125045776367,1056600,0.0
2024-06-13,35.2400016784668,35.41999816894531,33.150001525878906,33.599998474121094,23.70975112915039,743000,0.0
2024-06-14,34.27000045776367,34.36000061035156,31.950000762939453,32.470001220703125,22.912378311157227,919400,0.0
2024-06-17,32.61000061035156,34.22999954223633,31.950000762939453,33.599998474121094,23.70975112915039,611700,0.0
2024-06-18,31.760000228881836,32.220001220703125,30.850000381469727,31.270000457763672,22.065601348876953,1028600,0.0
2024-06-20,32.209999084472656,32.31999969482422,31.350000381469727,31.850000381469727,22.474878311157227,636100,0.0
2024-06-21,30.459999084472656,31.15999984741211,30.139999389648438,31.06999969482422,21.924470901489258,828500,0.0
2024-06-24,28.09000015258789,28.579999923706055,25.950000762939453,26.25,18.523250579833984,1905300,0.0
2024-06-25,28.0,29.0,27.719999313354492,28.670000076293945,20.23091697692871,865900,0.0
2024-06-26,28.1299991607666,28.649999618530273,27.389999389648438,27.65999984741211,19.518213272094727,642200,0.0
2024-06-27,28.200000762939453,28.958999633789062,27.979999542236328,28.040000915527344,19.786361694335938,653600,0.0
2024-06-28,28.1299991607666,28.420000076293945,26.59000015258789,26.709999084472656,18.84784698486328,661300,0.0
2024-07-01,29.229999542236328,30.18000030517578,28.940000534057617,29.520000457763672,20.842426300048828,808000,0.015
2024-07-02,29.260000228881836,29.489999771118164,28.149999618530273,28.290000915527344,19.973989486694336,898000,0.0
2024-07-03,26.8700008392334,27.18000030517578,26.440000534057617,26.979999542236328,19.049070358276367,1024300,0.0
2024-07-05,22.600000381469727,23.93000030517578,22.485000610351562,23.479999542236328,16.57791519165039,2720200,0.0
2024-07-08,24.030000686645508,24.1299991607666,22.243000030517578,23.440000534057617,16.54967498779297,1812500,0.0
2024-07-09,23.959999084472656,24.899999618530273,23.790000915527344,24.530000686645508,17.319265365600586,1216800,0.0
2024-07-10,24.68000030517578,24.700000762939453,24.06999969482422,24.170000076293945,17.065086364746094,1249400,0.0
2024-07-11,25.350000381469727,25.469999313354492,23.899999618530273,24.149999618530273,17.050968170166016,1343100,0.0
2024-07-12,24.190000534057617,25.100000381469727,24.18000030517578,24.31999969482422,17.170991897583008,922100,0.0
2024-07-15,28.600000381469727,29.670000076293945,28.360000610351562,29.15999984741211,20.588247299194336,2557600,0.0
2024-07-16,29.600000381469727,30.8700008392334,28.871000289916992,30.799999237060547,21.746156692504883,1554600,0.0
2024-07-17,30.299999237060547,30.985000610351562,29.514999389648438,30.200000762939453,21.322534561157227,1070900,0.0
2024-07-18,30.440000534057617,30.600000381469727,28.881000518798828,29.229999542236328,20.63767433166504,1419100,0.0
2024-07-19,29.799999237060547,32.91999816894531,29.68000030517578,32.650001525878906,23.052343368530273,1728500,0.0
2024-07-22,33.0,33.599998474121094,31.895000457763672,33.529998779296875,23.673660278320312,1392700,0.0
2024-07-23,31.889999389648438,32.650001525878906,30.729999542236328,30.850000381469727,21.78145980834961,1631100,0.0
2024-07-24,31.899999618530273,32.33000183105469,30.812999725341797,30.8799991607666,21.802644729614258,1501800,0.0
2024-07-25,29.579999923706055,30.43000030517578,28.75,29.950000762939453,21.14602279663086,1191700,0.0
2024-07-26,32.52000045776367,33.25,32.06999969482422,33.040000915527344,23.327695846557617,1022300,0.0
2024-07-29,34.619998931884766,34.689998626708984,31.450000762939453,32.29999923706055,22.80522346496582,1582200,0.0
2024-07-30,31.59000015258789,31.899999618530273,30.530000686645508,30.8799991607666,21.802644729614258,1077600,0.0
2024-07-31,31.389999389648438,31.780000686645508,29.979999542236328,30.270000457763672,21.37195587158203,1098500,0.0
2024-08-01,29.600000381469727,29.959999084472656,27.399999618530273,28.440000534057617,20.085201263427734,2438700,0.008
2024-08-02,29.770000457763672,30.385000228881836,27.5,27.700000762939453,19.56259536743164,1922000,0.0
2024-08-05,16.440000534057617,21.5,16.299999237060547,19.68000030517578,13.898619651794434,4025600,0.0
2024-08-06,20.93000030517578,22.360000610351562,20.3799991607666,22.1299991607666,15.628886222839355,1702700,0.0
2024-08-07,22.510000228881836,22.700000762939453,20.43000030517578,20.510000228881836,14.484796524047852,1689000,0.0
2024-08-08,22.760000228881836,24.3799991607666,21.969999313354492,24.049999237060547,16.98484992980957,1942900,0.0
2024-08-09,24.75,25.360000610351562,24.084999084472656,25.049999237060547,17.691078186035156,1481800,0.0
2024-08-12,24.079999923706055,25.0,22.649999618530273,23.610000610351562,16.674108505249023,2211000,0.0
2024-08-13,23.510000228881836,25.670000076293945,23.479999542236328,25.040000915527344,17.684019088745117,1702600,0.0
2024-08-14,25.049999237060547,25.139999389648438,23.260000228881836,23.420000076293945,16.539926528930664,2274600,0.0
2024-08-15,23.6299991607666,24.200000762939453,21.650999069213867,21.959999084472656,15.508829116821289,2756500,0.0
2024-08-16,23.1299991607666,24.149999618530273,22.444000244140625,24.0,16.949539184570312,1690600,0.0
2024-08-19,23.190000534057617,23.649999618530273,22.67099952697754,23.40999984741211,16.53286361694336,1476600,0.0
2024-08-20,24.65999984741211,24.969999313354492,23.030000686645508,23.809999465942383,16.81535530090332,1437000,0.0
2024-08-21,23.760000228881836,25.510000228881836,23.260000228881836,25.440000534057617,17.966510772705078,1568700,0.0
2024-08-22,24.81999969482422,24.90999984741211,24.18000030517578,24.3799991607666,17.21790313720703,940400,0.0
2024-08-23,24.969999313354492,27.260000228881836,24.739999771118164,27.049999237060547,19.10354232788086,2524500,0.0
2024-08-26,27.18000030517578,27.239999771118164,26.524999618530273,26.719999313354492,18.870487213134766,1218700,0.0
2024-08-27,25.920000076293945,25.989999771118164,25.100000381469727,25.690000534057617,18.143068313598633,1402400,0.0
2024-08-28,23.829999923706055,23.959999084472656,22.149999618530273,22.979999542236328,16.229185104370117,2097000,0.0
2024-08-29,24.079999923706055,24.760000228881836,22.989999771118164,23.219999313354492,16.3986759185791,1537800,0.0
2024-08-30,23.479999542236328,23.65999984741211,22.0,22.739999771118164,16.059688568115234,1826500,0.0
2024-09-03,23.030000686645508,23.079999923706055,21.809999465942383,22.209999084472656,15.685385704040527,2083900,0.0
2024-09-04,21.020000457763672,22.608999252319336,20.709999084472656,22.25,15.713632583618164,2340700,0.0
2024-09-05,21.190000534057617,21.6299991607666,20.479999542236328,20.65999984741211,14.590730667114258,2224600,0.0
2024-09-06,21.219999313354492,21.309999465942383,18.559999465942383,18.780000686645508,13.263015747070312,3268900,0.0
2024-09-09,20.15999984741211,21.434999465942383,19.709999084472656,21.3799991607666,15.099213600158691,1855500,0.0
2024-09-10,21.209999084472656,22.049999237060547,20.8700008392334,21.979999542236328,15.522953987121582,1431800,0.0
2024-09-11,21.06999969482422,21.989999771118164,20.06999969482422,21.690000534057617,15.31814193725586,1573100,0.0
2024-09-12,21.790000915527344,22.389999389648438,21.43000030517578,22.280000686645508,15.734822273254395,1649200,0.0
2024-09-13,21.739999771118164,23.540000915527344,21.719999313354492,23.299999237060547,16.455175399780273,1904300,0.0
2024-09-16,22.31999969482422,22.31999969482422,21.479999542236328,21.860000610351562,15.438204765319824,1252800,0.0
2024-09-17,22.8799991607666,24.440000534057617,22.56999969482422,23.31999969482422,16.469301223754883,2062400,0.0
2024-09-18,23.280000686645508,24.440000534057617,22.729999542236328,23.40999984741211,16.53286361694336,1826700,0.0
2024-09-19,26.040000915527344,26.43000030517578,25.450000762939453,25.90999984741211,18.29844093322754,1872700,0.0
2024-09-20,25.709999084472656,26.149999618530273,25.18000030517578,25.540000915527344,18.037134170532227,1086500,0.0
2024-09-23,25.899999618530273,26.360000610351562,25.718000411987305,25.90999984741211,18.29844093322754,1709900,0.0
2024-09-24,26.040000915527344,26.81599998474121,25.40999984741211,26.719999313354492,18.870487213134766,1554600,0.0
2024-09-25,26.100000381469727,26.469999313354492,25.600000381469727,25.790000915527344,18.213695526123047,1016700,0.0
2024-09-26,26.760000228881836,28.0,26.559999465942383,26.989999771118164,19.061166763305664,1887800,0.0
2024-09-27,27.850000381469727,28.6200008392334,27.579999923706055,27.809999465942383,19.640277862548828,2557400,0.0
2024-09-30,26.329999923706055,26.440000534057617,25.510000228881836,25.899999618530273,18.29137420654297,2141400,0.0
2024-10-01,25.780000686645508,25.829999923706055,23.809999465942383,24.43000030517578,17.253223419189453,2645500,0.0
2024-10-02,23.729999542236328,24.959999084472656,23.059999465942383,23.219999313354492,16.3986759185791,2074500,0.0
2024-10-03,23.43000030517578,23.899999618530273,22.950000762939453,23.8700008392334,16.85772705078125,1318800,0.0
2024-10-04,24.260000228881836,25.0,23.6200008392334,24.93000030517578,17.606332778930664,1261800,0.0
2024-10-07,25.479999542236328,26.559999465942383,25.139999389648438,25.65999984741211,18.12188148498535,1689500,0.0
2024-10-08,25.030000686645508,25.530000686645508,24.3700008392334,24.709999084472656,17.45096206665039,1542200,0.0
2024-10-09,24.459999084472656,24.81999969482422,23.530000686645508,23.709999084472656,16.744731903076172,1198600,0.0
2024-10-10,23.809999465942383,23.809999465942383,22.030000686645508,22.700000762939453,16.031436920166016,2107900,0.0
2024-10-11,23.979999542236328,25.549999237060547,23.959999084472656,25.280000686645508,17.853515625,1716400,0.0
2024-10-14,26.59000015258789,27.898000717163086,26.540000915527344,27.530000686645508,19.442533493041992,2347200,0.0
2024-10-15,27.540000915527344,29.299999237060547,26.56999969482422,28.420000076293945,20.071081161499023,3187900,0.0
2024-10-16,29.139999389648438,29.579999923706055,28.559999465942383,29.059999465942383,20.523067474365234,1919500,0.0
2024-10-17,28.3700008392334,28.969999313354492,28.040000915527344,28.25,19.951019287109375,1735400,0.0
2024-10-18,29.06999969482422,30.139999389648438,28.989999771118164,29.729999542236328,20.996240615844727,2149400,0.0
2024-10-21,29.0,29.079999923706055,28.110000610351562,28.959999084472656,20.452442169189453,2159900,0.0
2024-10-22,28.350000381469727,28.90999984741211,27.93000030517578,28.709999084472656,20.275882720947266,1227400,0.0
2024-10-23,27.860000610351562,28.18000030517578,26.719999313354492,27.790000915527344,19.62615203857422,1958500,0.0
2024-10-24,28.670000076293945,29.360000610351562,28.479999542236328,29.299999237060547,20.69256019592285,1541900,0.0
2024-10-25,29.049999237060547,29.790000915527344,27.200000762939453,27.989999771118164,19.767398834228516,2584200,0.0
2024-10-28,29.81999969482422,30.65999984741211,29.3799991607666,30.3700008392334,21.448230743408203,2286900,0.0
2024-10-29,31.799999237060547,34.0099983215332,31.510000228881836,33.0,23.305614471435547,4034400,0.0
2024-10-30,32.22999954223633,32.95000076293945,31.899999618530273,32.310001373291016,22.818317413330078,3638500,0.0
2024-10-31,32.400001525878906,32.459999084472656,30.399999618530273,30.510000228881836,21.54709815979004,2280800,0.0
2024-11-01,30.65999984741211,32.07500076293945,29.3799991607666,29.790000915527344,21.038616180419922,11081600,0.0
2024-11-04,29.209999084472656,29.3799991607666,27.979999542236328,28.110000610351562,19.85214614868164,5157800,0.0
2024-11-05,29.739999771118164,30.81999969482422,29.350000381469727,29.90999984741211,21.123361587524414,3337200,0.0
2024-11-06,34.22999954223633,36.15999984741211,33.5,35.81999969482422,25.297189712524414,4052000,0.0
2024-11-07,34.709999084472656,36.58000183105469,34.31999969482422,36.16999816894531,25.54437255859375,3497600,0.0
2024-11-08,35.900001525878906,36.959999084472656,35.31999969482422,36.38999938964844,25.699735641479492,6764800,0.0
2024-11-11,41.220001220703125,46.529998779296875,40.97999954223633,46.02000045776367,32.500736236572266,6403800,0.0
2024-11-12,44.90999984741211,49.08000183105469,44.060001373291016,48.68000030517578,34.37931442260742,9293100,0.0
2024-11-13,49.119998931884766,52.959999084472656,48.380001068115234,48.7599983215332,34.43580627441406,6525800,0.0
2024-11-14,50.54999923706055,51.04999923706055,46.099998474121094,46.27000045776367,32.67729568481445,5625200,0.0
2024-11-15,48.220001220703125,50.630001068115234,46.529998779296875,50.599998474121094,35.73527908325195,3926400,0.0
2024-11-18,49.36000061035156,51.880001068115234,48.430999755859375,50.66999816894531,35.78471374511719,3312700,0.0
2024-11-19,50.66999816894531,53.529998779296875,50.16999816894531,51.7400016784668,36.540382385253906,4161900,0.0
2024-11-20,53.939998626708984,54.5,52.380001068115234,53.63999938964844,37.88222122192383,3506900,0.0
2024-11-21,57.0,59.119998931884766,54.970001220703125,58.02000045776367,40.97550964355469,5898600,0.0
2024-11-22,57.310001373291016,59.83000183105469,56.65999984741211,59.09000015258789,41.73118209838867,3290800,0.0
2024-11-25,56.79999923706055,56.90999984741211,53.06999969482422,53.93000030517578,38.08702850341797,4312400,0.0
2024-11-26,50.599998474121094,53.7599983215332,48.939998626708984,49.279998779296875,34.80305480957031,3568800,0.0
2024-11-27,53.2599983215332,56.400001525878906,52.970001220703125,55.59000015258789,39.259368896484375,3209200,0.0
2024-11-29,56.529998779296875,58.31999969482422,56.06999969482422,56.11000061035156,39.62660598754883,2276100,0.0
2024-12-02,54.70000076293945,56.4630012512207,52.75,54.290000915527344,38.34126663208008,2895200,0.0
2024-12-03,52.43000030517578,55.060001373291016,51.79999923706055,54.189998626708984,38.27064514160156,2505800,0.0
2024-12-04,54.47999954223633,58.380001068115234,53.0,58.029998779296875,40.98257064819336,3073900,0.0
2024-12-05,62.5099983215332,63.619998931884766,56.459999084472656,57.900001525878906,40.89076232910156,4460000,0.0
2024-12-06,58.290000915527344,61.58000183105469,57.43000030517578,60.90999984741211,43.01651382446289,2846100,0.0
2024-12-09,57.599998474121094,59.52000045776367,54.02000045776367,54.220001220703125,38.29183578491211,4085600,0.0
2024-12-10,56.369998931884766,56.630001068115234,51.97999954223633,54.470001220703125,38.4683952331543,3336100,0.0
2024-12-11,57.130001068115234,60.55799865722656,56.81999969482422,60.08000183105469,42.43035125732422,3232300,0.0
2024-12-12,60.22999954223633,61.518001556396484,57.47999954223633,58.40999984741211,41.250938415527344,2826800,0.0
2024-12-13,58.93000030517578,60.720001220703125,58.0099983215332,60.349998474121094,42.621028900146484,2066600,0.0
2024-12-16,63.349998474121094,67.69000244140625,63.349998474121094,65.30000305175781,46.11687469482422,3764000,0.0
2024-12-17,67.6500015258789,68.43000030517578,64.98999786376953,66.36000061035156,46.86547088623047,3835800,0.0
2024-12-18,63.7400016784668,64.08000183105469,57.76499938964844,58.560001373291016,41.356868743896484,4847000,0.0
2024-12-19,60.630001068115234,61.13999938964844,52.49100112915039,53.439998626708984,37.74097442626953,5222700,0.0
2024-12-20,52.040000915527344,55.18000030517578,51.81999969482422,53.540000915527344,37.81159973144531,4401200,0.0
2024-12-23,52.25,52.470001220703125,48.779998779296875,49.540000915527344,34.98994064331055,3831600,0.005
2024-12-24,53.72999954223633,56.29999923706055,53.38999938964844,56.02000045776367,39.56675720214844,2165600,0.0
2024-12-26,52.130001068115234,53.27000045776367,51.47999954223633,51.97999954223633,36.71330642700195,2796600,0.0
2024-12-27,52.650001525878906,52.790000915527344,49.2599983215332,50.70000076293945,35.80924987792969,3011900,0.0
2024-12-30,48.84000015258789,50.97999954223633,46.869998931884766,50.279998779296875,35.512596130371094,4022600,0.0
2024-12-31,52.09000015258789,52.55799865722656,49.16999816894531,49.41999816894531,34.905181884765625,2676800,0.0
2025-01-02,52.81999969482422,54.349998474121094,52.18000030517578,53.59000015258789,37.85044479370117,2575100,0.0
2025-01-03,53.29999923706055,55.66999816894531,52.900001525878906,54.779998779296875,38.6909294128418,1748200,0.0
2025-01-06,55.459999084472656,59.71900177001953,55.292999267578125,59.150001525878906,41.7774543762207,2445300,0.0
2025-01-07,57.380001068115234,57.45000076293945,51.66999816894531,52.060001373291016,36.76980972290039,3090500,0.0
2025-01-08,50.849998474121094,51.599998474121094,47.70100021362305,49.380001068115234,34.87693405151367,2487900,0.0
2025-01-10,49.959999084472656,51.47999954223633,47.47999954223633,50.220001220703125,35.47022247314453,2207500,0.0
2025-01-13,46.09000015258789,49.130001068115234,44.47999954223633,49.11000061035156,34.68622970581055,2790900,0.0
2025-01-14,52.22999954223633,52.81999969482422,50.689998626708984,51.93000030517578,36.6779899597168,1760100,0.0
2025-01-15,54.41999816894531,56.650001525878906,54.2599983215332,55.34000015258789,39.086463928222656,1991400,0.0
2025-01-16,55.06999969482422,56.470001220703125,52.68000030517578,56.09000015258789,39.61618423461914,2033800,0.0
2025-01-17,58.86000061035156,62.619998931884766,58.400001525878906,61.130001068115234,43.17591857910156,3712100,0.0
2025-01-21,61.52000045776367,64.05000305175781,58.599998474121094,62.61000061035156,44.22124099731445,3332800,0.0
2025-01-22,60.790000915527344,61.435001373291016,59.18000030517578,60.380001068115234,42.64619827270508,1939300,0.0
2025-01-23,58.02000045776367,63.380001068115234,57.93000030517578,59.130001068115234,41.76332473754883,4719200,0.0
2025-01-24,61.59000015258789,63.75,60.779998779296875,60.939998626708984,43.04172134399414,2771700,0.0
2025-01-27,56.02000045776367,57.91999816894531,53.72999954223633,56.939998626708984,40.21654510498047,3413000,0.0
2025-01-28,58.04999923706055,59.529998779296875,56.54199981689453,56.630001068115234,39.99758529663086,1826900,0.0
2025-01-29,57.599998474121094,60.720001220703125,56.75,60.060001373291016,42.42018508911133,2120500,0.0
2025-01-30,60.880001068115234,62.72999954223633,60.599998474121094,60.7599983215332,42.91458511352539,1761800,0.0
2025-01-31,60.47999954223633,62.130001068115234,56.59000015258789,56.709999084472656,40.05409240722656,2208000,0.0
2025-02-03,48.04999923706055,56.25,47.709999084472656,55.2599983215332,39.883750915527344,5159900,1.214
2025-02-04,53.040000915527344,54.79999923706055,51.5620002746582,52.2599983215332,37.71851348876953,3313200,0.0
2025-02-05,52.369998931884766,52.90999984741211,49.900001525878906,50.79999923706055,36.66476058959961,2582700,0.0
2025-02-06,51.790000915527344,52.56999969482422,49.08399963378906,50.400001525878906,36.376068115234375,2328400,0.0
2025-02-07,53.2599983215332,53.840999603271484,48.900001525878906,49.08000183105469,35.423362731933594,3439300,0.0
2025-02-10,51.060001373291016,51.470001220703125,50.13999938964844,50.68000030517578,36.578155517578125,1646600,0.0
2025-02-11,50.22999954223633,50.70000076293945,48.0,48.4900016784668,34.997535705566406,1992200,0.0
2025-02-12,47.849998474121094,50.95000076293945,47.630001068115234,50.290000915527344,36.29667663574219,1860500,0.0
2025-02-13,49.16999816894531,49.70000076293945,48.310001373291016,49.47999954223633,35.712059020996094,1969300,0.0
2025-02-14,49.77000045776367,52.22999954223633,49.349998474121094,50.40999984741211,36.38328170776367,2181200,0.0
2025-02-18,49.45000076293945,49.619998931884766,46.099998474121094,46.9900016784668,33.9149055480957,3658900,0.0
2025-02-19,49.13999938964844,49.58000183105469,48.220001220703125,49.0099983215332,35.37283706665039,1805400,0.0
2025-02-20,50.619998931884766,51.72999954223633,49.599998474121094,51.439998626708984,37.126678466796875,2235000,0.0
2025-02-21,52.0099983215332,52.29999923706055,47.20000076293945,47.380001068115234,34.19639205932617,2767000,0.0
2025-02-24,48.08000183105469,48.45000076293945,46.22999954223633,46.61000061035156,33.64064025878906,2769600,0.0
2025-02-25,41.720001220703125,41.72999954223633,38.31999969482422,40.75,29.411205291748047,6263500,0.0
2025-02-26,38.58000183105469,41.0099983215332,35.27000045776367,37.2599983215332,26.892309188842773,4834700,0.0
2025-02-27,38.86000061035156,38.97999954223633,35.625,36.33000183105469,26.22107696533203,3517300,0.0
2025-02-28,35.040000915527344,37.95000076293945,34.310001373291016,37.119998931884766,26.791259765625,4100800,0.0
2025-03-03,43.9900016784668,44.09000015258789,36.97999954223633,37.83000183105469,27.898191452026367,4986100,0.791
2025-03-04,34.95000076293945,40.369998931884766,33.77000045776367,38.560001373291016,28.436542510986328,4551800,0.0
2025-03-05,41.150001525878906,41.86000061035156,39.143001556396484,41.77000045776367,30.803794860839844,2984200,0.0
2025-03-06,41.2599983215332,42.709999084472656,39.20000076293945,40.38999938964844,29.78609275817871,3593700,0.0
2025-03-07,40.369998931884766,42.29999923706055,37.93899917602539,38.439998626708984,28.34804344177246,4216500,0.0
2025-03-10,34.599998474121094,34.83000183105469,29.85099983215332,31.329999923706055,23.104686737060547,5559100,0.0
2025-03-11,33.27000045776367,34.97999954223633,31.280000686645508,34.58000183105469,25.501447677612305,3501000,0.0
2025-03-12,34.7400016784668,35.130001068115234,32.42499923706055,34.41999816894531,25.38344383239746,2304200,0.0
2025-03-13,34.349998474121094,34.56999969482422,31.83099937438965,32.040000915527344,23.628286361694336,1837500,0.0
2025-03-14,34.61000061035156,36.290000915527344,34.10499954223633,35.65999984741211,26.297895431518555,2698500,0.0
2025-03-17,34.15999984741211,35.744998931884766,33.77000045776367,35.52000045776367,26.19465446472168,1987200,0.0
2025-03-18,33.70000076293945,33.81999969482422,32.599998474121094,33.65999984741211,24.82297706604004,2020800,0.0
2025-03-19,35.02000045776367,36.68000030517578,34.70199966430664,36.220001220703125,26.710878372192383,2771300,0.0
2025-03-20,35.869998931884766,37.11899948120117,34.58000183105469,35.08000183105469,25.870174407958984,2357200,0.0
2025-03-21,34.599998474121094,35.22999954223633,34.16999816894531,34.83000183105469,25.685808181762695,2177100,0.0
2025-03-24,37.599998474121094,38.900001525878906,37.54600143432617,38.45000076293945,28.35542106628418,2639900,0.0
2025-03-25,37.97999954223633,38.46500015258789,37.380001068115234,38.31999969482422,28.259546279907227,1767700,0.0
2025-03-26,37.79999923706055,38.13999938964844,36.22100067138672,36.880001068115234,27.197603225708008,1685500,0.0
2025-03-27,36.720001220703125,37.75600051879883,36.2400016784668,37.25,27.470460891723633,1321500,0.0
2025-03-28,35.810001373291016,35.970001220703125,34.150001525878906,34.369998931884766,25.346572875976562,2503900,0.0
2025-03-31,33.380001068115234,34.5099983215332,32.58000183105469,33.279998779296875,24.542736053466797,2900600,0.0
2025-04-01,34.2400016784668,35.849998474121094,33.279998779296875,35.380001068115234,26.09140968322754,2189800,0.0
2025-04-02,35.04999923706055,37.4379997253418,34.9900016784668,37.029998779296875,27.3082218170166,3974800,0.0
2025-04-03,32.75,33.369998931884766,32.029998779296875,32.689998626708984,24.107635498046875,2962200,0.0
2025-04-04,33.29999923706055,34.86000061035156,32.5099983215332,34.31999969482422,25.30970001220703,2893400,0.0
2025-04-07,28.459999084472656,32.040000915527344,27.530000686645508,29.40999984741211,21.68876075744629,4777000,0.0
2025-04-08,31.020000457763672,31.139999389648438,28.010000228881836,28.420000076293945,20.958675384521484,3338800,0.0
2025-04-09,28.34000015258789,33.0,28.34000015258789,32.4900016784668,23.960147857666016,4956500,0.0
2025-04-10,31.950000762939453,32.06999969482422,29.31999969482422,30.270000457763672,22.32297706604004,3126000,0.0
2025-04-11,32.150001525878906,33.86000061035156,31.559999465942383,33.540000915527344,24.734477996826172,2301300,0.0
2025-04-14,34.470001220703125,35.150001525878906,33.422000885009766,34.380001068115234,25.353944778442383,1853800,0.0
2025-04-15,35.0099983215332,35.66999816894531,33.54999923706055,33.630001068115234,24.800851821899414,1940000,0.0
2025-04-16,33.369998931884766,34.849998474121094,33.064998626708984,33.90999984741211,25.00733757019043,1576800,0.0
2025-04-17,34.09000015258789,34.810001373291016,33.36000061035156,34.290000915527344,25.28757667541504,1190800,0.0
2025-04-21,36.209999084472656,37.34000015258789,35.4900016784668,36.34000015258789,26.79937171936035,2079000,0.0
2025-04-22,38.25,40.0099983215332,38.04999923706055,39.77000045776367,29.328866958618164,2430900,0.0
2025-04-23,41.95000076293945,42.43000030517578,40.029998779296875,41.47999954223633,30.589927673339844,2157500,0.0
2025-04-24,40.83000183105469,41.619998931884766,40.61000061035156,41.540000915527344,30.634180068969727,2103100,0.0
2025-04-25,42.029998779296875,43.564998626708984,41.880001068115234,43.08000183105469,31.769868850708008,2182500,0.0
2025-04-28,42.84000015258789,42.900001525878906,41.2400016784668,42.45000076293945,31.305265426635742,1448700,0.0
2025-04-29,42.47999954223633,43.11000061035156,42.26499938964844,42.939998626708984,31.6666202545166,1190700,0.0
2025-04-30,42.209999084472656,42.209999084472656,40.63999938964844,41.779998779296875,30.811166763305664,1476300,0.0
2025-05-01,44.099998474121094,44.880001068115234,43.380001068115234,43.95000076293945,32.41145706176758,1802500,0.0
2025-05-02,44.34000015258789,45.220001220703125,44.029998779296875,44.2599983215332,32.64006805419922,1601000,0.0
2025-05-05,41.58000183105469,42.345001220703125,41.09000015258789,41.790000915527344,30.818540573120117,1090900,0.0
2025-05-06,41.20000076293945,42.540000915527344,40.84000015258789,42.33000183105469,31.216772079467773,1183500,0.0
2025-05-07,43.880001068115234,44.63999938964844,43.04999923706055,43.439998626708984,32.03535461425781,1612100,0.0
2025-05-08,46.38999938964844,48.40999984741211,45.9900016784668,48.0,35.398189544677734,2443300,0.0
2025-05-09,49.599998474121094,50.349998474121094,48.91999816894531,49.720001220703125,36.6666145324707,1823500,0.0
2025-05-12,50.65999984741211,51.071998596191406,47.34000015258789,48.400001525878906,35.69316864013672,2476600,0.0
2025-05-13,50.22999954223633,51.5099983215332,49.400001525878906,51.349998474121094,37.868675231933594,1734700,0.0
2025-05-14,50.599998474121094,50.849998474121094,49.06999969482422,49.77000045776367,36.7034912109375,1590100,0.0
2025-05-15,49.02000045776367,50.61000061035156,47.86000061035156,49.619998931884766,36.59286117553711,1679700,0.0
2025-05-16,49.86000061035156,51.0,49.75,50.47999954223633,37.22708511352539,1593000,0.0
2025-05-19,48.88999938964844,51.90999984741211,48.79999923706055,51.83000183105469,38.22265625,2231300,0.0
2025-05-20,50.95000076293945,53.630001068115234,50.439998626708984,53.38999938964844,39.37310028076172,2747500,0.0
2025-05-21,52.70000076293945,56.130001068115234,52.349998474121094,54.880001068115234,40.471923828125,4531800,0.0
2025-05-22,57.72999954223633,58.27000045776367,56.689998626708984,57.470001220703125,42.3819465637207,4279200,0.0
2025-05-23,54.720001220703125,56.19499969482422,54.119998931884766,54.779998779296875,40.398170471191406,2500700,0.0
2025-05-27,56.599998474121094,56.87300109863281,54.79999923706055,55.900001525878906,41.224124908447266,2241500,0.0
2025-05-28,54.810001373291016,55.09000015258789,52.790000915527344,52.86000061035156,38.98225021362305,2012000,0.0
2025-05-29,54.16999816894531,54.25,51.31999969482422,51.470001220703125,37.95718002319336,2309500,0.0
2025-05-30,51.5099983215332,51.86000061035156,49.41999816894531,50.38999938964844,37.16071701049805,3571600,0.0
2025-06-02,49.220001220703125,49.9900016784668,48.880001068115234,49.689998626708984,37.06747055053711,1529200,0.575
2025-06-03,50.689998626708984,52.04999923706055,50.2599983215332,51.470001220703125,38.39530944824219,1336900,0.0
2025-06-04,50.18000030517578,50.75,49.290000915527344,50.119998931884766,37.38823318481445,1225100,0.0
2025-06-05,50.900001525878906,50.95000076293945,46.86000061035156,47.09000015258789,35.127933502197266,2630400,0.0
2025-06-06,49.040000915527344,50.45000076293945,48.97999954223633,49.29999923706055,36.77653503417969,1683200,0.0
2025-06-09,52.4900016784668,53.63999938964844,51.849998474121094,53.47999954223633,39.89470672607422,1904600,0.0
2025-06-10,54.5,55.15999984741211,53.06999969482422,54.31999969482422,40.52132797241211,1688600,0.0
2025-06-11,54.52000045776367,55.20000076293945,53.13999938964844,53.54999923706055,39.946929931640625,1341500,0.0
2025-06-12,51.5099983215332,53.189998626708984,51.220001220703125,51.529998779296875,38.44005584716797,1431600,0.0
2025-06-13,49.68000030517578,50.80699920654297,48.90999984741211,49.88999938964844,37.2166633605957,1745700,0.0
2025-06-16,51.27000045776367,53.5,51.13999938964844,53.27000045776367,39.73806381225586,1563700,0.0
2025-06-17,50.15999984741211,50.36800003051758,47.94300079345703,49.310001373291016,36.784000396728516,2475100,0.0
2025-06-18,48.54999923706055,49.900001525878906,48.104000091552734,48.36000061035156,36.075321197509766,1492600,0.0
2025-06-20,50.439998626708984,50.540000915527344,46.959999084472656,47.83000183105469,35.67995834350586,2170500,0.0
2025-06-23,45.869998931884766,47.95000076293945,44.4900016784668,47.83000183105469,35.67995834350586,2945200,0.0
2025-06-24,49.599998474121094,50.67399978637695,49.2400016784668,50.029998779296875,37.321102142333984,1829500,0.0
2025-06-25,51.72999954223633,52.45000076293945,51.119998931884766,52.02000045776367,38.80559158325195,1735600,0.0
2025-06-26,51.439998626708984,52.02000045776367,50.86000061035156,51.83000183105469,38.663848876953125,1093400,0.0
2025-06-27,50.97999954223633,51.91999816894531,50.61199951171875,51.02000045776367,38.05961227416992,1462900,0.0
2025-06-30,51.95000076293945,51.970001220703125,50.83000183105469,51.75,38.60417175292969,1587200,0.0
2025-07-01,50.560001373291016,51.119998931884766,49.22999954223633,49.279998779296875,36.88778305053711,1509400,0.177
2025-07-02,51.290000915527344,53.619998931884766,51.224998474121094,53.470001220703125,40.02415084838867,3293100,0.0
2025-07-03,53.150001525878906,54.37799835205078,52.79999923706055,53.119998931884766,39.76215744018555,1521300,0.0
2025-07-07,52.15999984741211,52.36000061035156,51.13999938964844,51.72999954223633,38.72169876098633,1362300,0.0
2025-07-08,52.54999923706055,52.900001525878906,51.689998626708984,52.45000076293945,39.26063919067383,1355100,0.0
2025-07-09,53.20000076293945,55.66299819946289,52.130001068115234,55.369998931884766,41.44636535644531,2393800,0.0
2025-07-10,54.56999969482422,57.47999954223633,54.040000915527344,56.939998626708984,42.621559143066406,3481100,0.0
2025-07-11,61.09000015258789,61.72999954223633,60.09000015258789,61.650001525878906,46.147159576416016,2828900,0.0
2025-07-14,65.30999755859375,65.7699966430664,62.6349983215332,63.40999984741211,47.46458053588867,3676800,0.0
2025-07-15,61.130001068115234,62.00699996948242,59.040000915527344,59.779998779296875,44.747398376464844,3335100,0.0
2025-07-16,62.22999954223633,63.38999938964844,61.5,62.66999816894531,46.91066360473633,2668200,0.0
2025-07-17,61.150001525878906,63.36000061035156,60.79999923706055,62.310001373291016,46.64119338989258,1918400,0.0
2025-07-18,62.11000061035156,62.630001068115234,60.2400016784668,60.47999954223633,45.2713737487793,2492700,0.0
2025-07-21,61.369998931884766,62.459999084472656,59.66999816894531,59.84000015258789,44.79231643676758,2188900,0.0
2025-07-22,62.41999816894531,63.5,60.650001525878906,62.5,46.783416748046875,2303000,0.0
2025-07-23,61.27000045776367,61.900001525878906,60.39899826049805,61.560001373291016,46.07978820800781,1683100,0.0
2025-07-24,61.95000076293945,62.790000915527344,60.91999816894531,62.130001068115234,46.5064582824707,1672800,0.0
2025-07-25,59.290000915527344,60.119998931884766,57.970001220703125,59.790000915527344,44.754886627197266,2453800,0.0
2025-07-28,61.59000015258789,62.189998626708984,60.310001373291016,61.0,45.660614013671875,2092200,0.0
2025-07-29,62.0099983215332,62.04999923706055,59.709999084472656,60.36000061035156,45.181549072265625,1733500,0.0
2025-07-30,60.400001525878906,61.7599983215332,58.470001220703125,59.66999816894531,44.665061950683594,2323000,0.0
2025-07-31,60.95000076293945,61.790000915527344,59.470001220703125,59.529998779296875,44.56026840209961,1733900,0.0
2025-08-01,57.220001220703125,57.439998626708984,54.630001068115234,54.720001220703125,41.635440826416016,3138000,0.966
2025-08-04,55.70000076293945,57.349998474121094,55.63999938964844,56.369998931884766,42.890892028808594,1620500,0.0
2025-08-05,55.77000045776367,56.22999954223633,54.2400016784668,55.33000183105469,42.09957504272461,1709100,0.0
2025-08-06,55.47999954223633,57.34000015258789,55.18000030517578,56.88999938964844,43.28655242919922,1495000,0.0
2025-08-07,58.08000183105469,59.2599983215332,57.2599983215332,59.16999816894531,45.021358489990234,2008600,0.0
2025-08-08,58.290000915527344,58.93000030517578,57.34000015258789,57.959999084472656,44.1006965637207,1973800,0.0
2025-08-11,60.97999954223633,62.27000045776367,60.02000045776367,60.459999084472656,46.002899169921875,3804100,0.0
2025-08-12,60.65999984741211,61.65999984741211,60.0,61.11000061035156,46.497474670410156,3417300,0.0
2025-08-13,62.08000183105469,64.52999877929688,61.54999923706055,64.41000366210938,49.00838851928711,3001800,0.0
2025-08-14,59.540000915527344,60.79999923706055,58.380001068115234,59.25,45.08222961425781,4147500,0.0
2025-08-15,59.70000076293945,59.709999084472656,57.94599914550781,58.06999969482422,44.18439483642578,2291200,0.0
2025-08-18,56.81999969482422,57.93000030517578,55.91999816894531,57.400001525878906,43.674598693847656,1738800,0.0
2025-08-19,56.84000015258789,57.0,53.665000915527344,54.11000061035156,41.17129898071289,2919300,0.0
2025-08-20,54.439998626708984,55.5099983215332,53.400001525878906,55.36000061035156,42.122406005859375,2251600,0.0
2025-08-21,54.439998626708984,55.119998931884766,53.06999969482422,53.29999923706055,40.55498504638672,1565500,0.0
2025-08-22,53.36000061035156,58.34000015258789,53.02000045776367,57.540000915527344,43.781124114990234,3370200,0.0
2025-08-25,52.540000915527344,53.91999816894531,51.470001220703125,51.720001220703125,39.3527946472168,3208300,0.0
2025-08-26,50.900001525878906,52.099998474121094,50.400001525878906,52.040000915527344,39.596275329589844,1887700,0.0
2025-08-27,52.13999938964844,53.43000030517578,51.900001525878906,52.84000015258789,40.204978942871094,1758800,0.0
2025-08-28,53.81999969482422,54.029998779296875,52.70000076293945,52.7599983215332,40.14411163330078,1892000,0.0
2025-08-29,51.33000183105469,51.400001525878906,48.90999984741211,49.189998626708984,37.427764892578125,3518100,0.0
2025-09-02,49.720001220703125,51.91999816894531,49.42100143432617,50.939998626708984,39.15089797973633,2235300,0.492
2025-09-03,51.58000183105469,52.70000076293945,51.310001373291016,52.33000183105469,40.21921157836914,1878200,0.0
2025-09-04,50.90999984741211,51.02000045776367,49.5,49.95000076293945,38.39000701904297,1698600,0.0
2025-09-05,52.7400016784668,53.06999969482422,50.220001220703125,51.56999969482422,39.63508987426758,2337500,0.0
2025-09-08,52.130001068115234,52.83000183105469,51.7599983215332,52.02000045776367,39.980953216552734,1444700,0.0
2025-09-09,52.689998626708984,52.849998474121094,50.689998626708984,51.310001373291016,39.435264587402344,1599200,0.0
2025-09-10,53.45000076293945,54.15999984741211,52.93000030517578,53.29999923706055,40.964717864990234,2214300,0.0
2025-09-11,53.5099983215332,54.439998626708984,53.41999816894531,54.189998626708984,41.648746490478516,1501200,0.0
2025-09-12,54.59000015258789,56.400001525878906,54.45000076293945,56.36000061035156,43.31653594970703,1656800,0.0
2025-09-15,54.560001373291016,55.08000183105469,53.869998931884766,54.810001373291016,42.12525939941406,2128500,0.0
2025-09-16,54.900001525878906,56.41999816894531,54.22999954223633,56.2400016784668,43.22431182861328,1318600,0.0
2025-09-17,55.619998931884766,55.79399871826172,54.09400177001953,55.060001373291016,42.31739807128906,2368000,0.0
2025-09-18,56.83000183105469,57.29999923706055,56.400001525878906,56.81999969482422,43.670082092285156,1658300,0.0
2025-09-19,55.59000015258789,55.86000061035156,54.40999984741211,54.459999084472656,41.85625457763672,1867400,0.0
2025-09-22,52.380001068115234,52.880001068115234,51.41999816894531,51.61000061035156,39.66583251953125,2254100,0.0
2025-09-23,52.349998474121094,52.650001525878906,50.96500015258789,51.09000015258789,39.266178131103516,2872900,0.0
2025-09-24,52.41999816894531,53.27000045776367,52.18000030517578,52.720001220703125,40.51894760131836,1654200,0.0
2025-09-25,51.029998779296875,51.099998474121094,48.08000183105469,48.900001525878906,37.583011627197266,4478600,0.0
2025-09-26,48.7400016784668,49.70000076293945,48.220001220703125,48.66999816894531,37.4062385559082,2388200,0.0
2025-09-29,51.41999816894531,53.439998626708984,51.29999923706055,53.36000061035156,41.01082992553711,2241700,0.0
2025-09-30,52.40999984741211,53.57500076293945,51.900001525878906,53.38999938964844,41.03388595581055,1579900,0.0
2025-10-01,55.189998626708984,56.6349983215332,54.93000030517578,55.869998931884766,43.20454788208008,2258300,0.327
2025-10-02,57.59000015258789,59.38999938964844,56.90999984741211,59.130001068115234,45.72552490234375,2761700,0.0
2025-10-03,58.959999084472656,62.222999572753906,58.2599983215332,60.93000030517578,47.11747741699219,3266400,0.0
2025-10-06,63.02000045776367,64.4000015258789,62.5099983215332,63.5099983215332,49.112606048583984,3069200,0.0
2025-10-07,63.0,63.0,58.58000183105469,59.599998474121094,46.0889778137207,4777600,0.0
2025-10-08,60.369998931884766,62.119998931884766,59.599998474121094,61.279998779296875,47.38813400268555,2788700,0.0
2025-10-09,61.31999969482422,61.31999969482422,57.61000061035156,58.90999984741211,45.55540466308594,3044300,0.0
2025-10-10,59.86000061035156,60.400001525878906,53.83000183105469,54.470001220703125,42.12193298339844,5601000,0.0
2025-10-13,52.43000030517578,53.939998626708984,51.87699890136719,53.880001068115234,41.66567611694336,4207300,0.0
2025-10-14,49.13999938964844,51.72999954223633,48.2599983215332,50.86000061035156,39.330299377441406,4322900,0.0
2025-10-15,49.790000915527344,50.47100067138672,48.45000076293945,49.52000045776367,38.2940673828125,2885200,0.0
2025-10-16,49.400001525878906,49.70000076293945,46.150001525878906,46.75,36.15201187133789,6079000,0.0
2025-10-17,44.400001525878906,46.130001068115234,43.529998779296875,45.27000045776367,35.00751876831055,5853000,0.0
2025-10-20,48.88999938964844,49.70500183105469,48.099998474121094,48.970001220703125,37.86874771118164,3384300,0.0
2025-10-21,47.060001373291016,51.83000183105469,46.58000183105469,49.84000015258789,38.541526794433594,5404000,0.0
2025-10-22,46.59000015258789,47.439998626708984,45.86000061035156,46.220001220703125,35.74216079711914,4662000,0.0
2025-10-23,47.29999923706055,49.279998779296875,46.97999954223633,48.290000915527344,37.34290313720703,2335400,0.0
2025-10-24,49.150001525878906,49.290000915527344,47.849998474121094,48.61000061035156,37.590362548828125,2534300,0.0
2025-10-27,52.529998779296875,53.099998474121094,51.939998626708984,52.349998474121094,40.48251724243164,2600800,0.0
2025-10-28,52.459999084472656,53.439998626708984,50.9900016784668,51.13999938964844,39.546817779541016,2006000,0.0
2025-10-29,51.06999969482422,51.13999938964844,47.20000076293945,48.380001068115234,37.412498474121094,3267300,0.0
2025-10-30,46.5,46.558998107910156,44.59000015258789,44.779998779296875,34.62860107421875,3085800,0.0
2025-10-31,47.630001068115234,48.599998474121094,46.560001373291016,47.54999923706055,36.770652770996094,2666400,0.0
2025-11-03,45.20500183105469,45.744998931884766,43.29999923706055,44.31999969482422,34.56437301635742,2687000,0.401
2025-11-04,41.95000076293945,42.88999938964844,38.52000045776367,39.47999954223633,30.789743423461914,6101500,0.0
2025-11-05,40.970001220703125,42.540000915527344,40.58000183105469,41.939998626708984,32.708248138427734,2411100,0.0
2025-11-06,41.15999984741211,41.15999984741211,39.0,39.45000076293945,30.766347885131836,2831900,0.0
2025-11-07,38.939998626708984,41.84000015258789,38.290000915527344,41.709999084472656,32.52887725830078,3202800,0.0
2025-11-10,43.65999984741211,43.75,42.40999984741211,43.5,33.92486572265625,2086100,0.0
2025-11-11,42.22999954223633,42.380001068115234,40.69499969482422,40.81999969482422,31.83478355407715,1201700,0.0
2025-11-12,42.45000076293945,42.50199890136719,39.209999084472656,39.77000045776367,31.015907287597656,2524400,0.0
2025-11-13,40.459999084472656,41.279998779296875,36.88999938964844,36.970001220703125,28.832237243652344,4779700,0.0
2025-11-14,34.959999084472656,36.500999450683594,34.029998779296875,34.130001068115234,26.617372512817383,5456200,0.0
2025-11-17,34.0,35.34000015258789,31.850000381469727,32.349998474121094,25.22918128967285,7117100,0.0
2025-11-18,32.25,33.7599983215332,31.709999084472656,33.040000915527344,25.767303466796875,5984900,0.0
2025-11-19,31.850000381469727,32.72999954223633,29.959999084472656,30.639999389648438,23.895584106445312,5932000,0.0
2025-11-20,31.93000030517578,32.09000015258789,28.209999084472656,28.479999542236328,22.211040496826172,7138000,0.0
2025-11-21,26.700000762939453,27.950000762939453,25.790000915527344,27.290000915527344,21.28297996520996,7922400,0.0
2025-11-24,28.125,30.30299949645996,27.65999984741211,30.209999084472656,23.56023406982422,4728100,0.0
2025-11-25,28.889999389648438,29.510000228881836,28.139999389648438,28.979999542236328,22.60097885131836,3228400,0.0
2025-11-26,28.940000534057617,31.040000915527344,28.520000457763672,30.68000030517578,23.926780700683594,3695800,0.0
2025-11-28,32.79499816894531,32.84000015258789,30.899999618530273,31.200000762939453,24.332321166992188,2964300,0.0
2025-12-01,27.729999542236328,28.030000686645508,26.100000381469727,27.239999771118164,21.53876304626465,5611900,0.427
2025-12-02,29.239999771118164,31.514999389648438,29.030000686645508,30.709999084472656,24.282503128051758,4440300,0.0
2025-12-03,31.780000686645508,32.5099983215332,31.200000762939453,31.979999542236328,25.28669548034668,3143300,0.0
2025-12-04,31.889999389648438,32.189998626708984,30.559999465942383,31.700000762939453,25.06529998779297,3095300,0.0
2025-12-05,30.229999542236328,30.950000762939453,28.655000686645508,29.459999084472656,23.29412269592285,4617300,0.0
2025-12-08,30.75,31.030000686645508,29.600000381469727,30.3700008392334,24.01366424560547,3281500,0.0
2025-12-09,30.09000015258789,32.9900016784668,29.864999771118164,31.940000534057617,25.255069732666016,4379300,0.0
2025-12-10,31.170000076293945,32.92499923706055,30.889999389648438,31.530000686645508,24.930879592895508,3552800,0.0
2025-12-11,29.920000076293945,31.049999237060547,29.309999465942383,31.020000457763672,24.52762222290039,3869000,0.0
2025-12-12,31.260000228881836,31.635000228881836,29.420000076293945,29.940000534057617,23.673662185668945,4538500,0.0
2025-12-15,29.350000381469727,29.68000030517578,26.520000457763672,26.93000030517578,21.29364585876465,6674300,0.0
2025-12-16,27.639999389648438,28.450000762939453,27.579999923706055,28.110000610351562,22.226673126220703,3241800,0.0
2025-12-17,28.170000076293945,29.854999542236328,26.59000015258789,26.950000762939453,21.309457778930664,5129300,0.0
2025-12-18,28.6200008392334,29.1299991607666,26.03499984741211,26.190000534057617,20.708524703979492,5989800,0.0
2025-12-19,28.229999542236328,29.079999923706055,27.5,28.190000534057617,22.289932250976562,4841400,0.0
2025-12-22,29.479999542236328,29.760000228881836,28.110000610351562,28.43000030517578,22.479700088500977,3669400,0.0
2025-12-23,27.950000762939453,28.389999389648438,27.260000228881836,27.959999084472656,22.108068466186523,2882500,0.0
2025-12-24,21.989999771118164,22.19499969482422,21.549999237060547,22.010000228881836,21.884353637695312,3974900,5.725
2025-12-26,22.8700008392334,22.889999389648438,21.6200008392334,22.110000610351562,21.983783721923828,4755000,0.0
2025-12-29,22.110000610351562,22.437000274658203,21.829999923706055,21.90999984741211,21.78492546081543,3544900,0.0
2025-12-30,22.389999389648438,23.06999969482422,22.229999542236328,22.280000686645508,22.152814865112305,3533300,0.0
2025-12-31,22.790000915527344,22.799999237060547,21.8700008392334,22.09000015258789,21.963895797729492,4139900,0.0
2026-01-02,22.760000228881836,23.850000381469727,22.510000228881836,23.209999084472656,23.077503204345703,7773000,0.0
2026-01-05,24.739999771118164,25.829999923706055,24.540000915527344,25.530000686645508,25.384260177612305,6188600,0.0
2026-01-06,25.59000015258789,25.600000381469727,23.84000015258789,24.549999237060547,24.40985107421875,5072400,0.0
2026-01-07,23.979999542236328,24.295000076293945,23.530000686645508,23.68000030517578,23.54482078552246,3455100,0.0
2026-01-08,22.969999313354492,23.940000534057617,22.770000457763672,23.649999618530273,23.514989852905273,3065300,0.0
2026-01-09,23.450000762939453,24.21500015258789,23.040000915527344,23.280000686645508,23.147104263305664,4453500,0.0
2026-01-12,23.25,24.360000610351562,23.190000534057617,23.920000076293945,23.783449172973633,3940100,0.0
2026-01-13,24.40999984741211,25.559999465942383,24.229999542236328,25.510000228881836,25.36437225341797,4815200,0.0
2026-01-14,26.139999389648438,27.3799991607666,25.96500015258789,27.25,27.094440460205078,5597800,0.0
2026-01-15,26.729999542236328,26.850000381469727,25.75,25.81999969482422,25.6726016998291,5192300,0.0
2026-01-16,26.049999237060547,26.1200008392334,25.239999771118164,25.940000534057617,25.79191780090332,5216200,0.0
2026-01-20,23.389999389648438,23.6299991607666,22.461000442504883,22.690000534057617,22.56047248840332,7884300,0.0
2026-01-21,22.65999984741211,23.18000030517578,21.469999313354492,22.979999542236328,22.848814010620117,8433800,0.0
2026-01-22,22.649999618530273,22.84000015258789,22.079999923706055,22.56999969482422,22.4411563873291,3126800,0.0
2026-01-23,22.68000030517578,23.459999084472656,22.09000015258789,22.59000015258789,22.461042404174805,4152800,0.0
2026-01-26,21.639999389648438,22.25,21.329999923706055,21.610000610351562,21.486637115478516,4683200,0.0
2026-01-27,21.940000534057617,22.520000457763672,21.420000076293945,22.479999542236328,22.351669311523438,3707900,0.0
2026-01-28,22.780000686645508,23.059999465942383,22.209999084472656,22.34000015258789,22.21246910095215,2524600,0.0
2026-01-29,21.649999618530273,21.709999084472656,19.375,19.799999237060547,19.686967849731445,8592000,0.0
2026-01-30,19.229999542236328,20.03499984741211,18.739999771118164,19.670000076293945,19.557714462280273,5200200,0.0
2026-02-02,16.950000762939453,17.565000534057617,16.719999313354492,16.809999465942383,16.73956871032715,15590300,0.03
2026-02-03,17.049999237060547,17.079999923706055,14.670000076293945,16.200000762939453,16.132125854492188,13106200,0.0
2026-02-04,15.680000305175781,15.869999885559082,14.319999694824219,14.899999618530273,14.837571144104004,6547700,0.0
2026-02-05,13.550000190734863,13.850000381469727,10.579999923706055,10.989999771118164,10.943953514099121,16219600,0.0
2026-02-06,12.15999984741211,13.664999961853027,12.125,13.130000114440918,13.074987411499023,11913200,0.0
2026-02-09,12.720000267028809,13.5600004196167,12.539999961853027,13.40999984741211,13.353813171386719,6068100,0.0
2026-02-10,12.795000076293945,13.109999656677246,12.3100004196167,12.649999618530273,12.596997261047363,4738200,0.0
2026-02-11,12.350000381469727,12.460000038146973,11.510000228881836,12.1899995803833,12.138925552368164,6793500,0.0
2026-02-12,12.329999923706055,12.449999809265137,11.289999961853027,11.380000114440918,11.332320213317871,4920800,0.0
2026-02-13,12.0600004196167,12.800000190734863,11.890000343322754,12.539999961853027,12.487459182739258,7321000,0.0
2026-02-17,12.270000457763672,12.364999771118164,11.755000114440918,12.170000076293945,12.119009017944336,4463800,0.0
2026-02-18,11.925000190734863,12.399999618530273,11.494999885559082,11.630000114440918,11.58127212524414,5834000,0.0
2026-02-19,11.539999961853027,11.979999542236328,11.40999984741211,11.949999809265137,11.899930953979492,4429800,0.0
2026-02-20,11.890000343322754,12.270000457763672,11.734999656677246,12.149999618530273,12.099093437194824,4848700,0.0
2026-02-23,11.5600004196167,11.604999542236328,10.795000076293945,10.979999542236328,10.933995246887207,5780100,0.0
2026-02-24,10.470000267028809,11.069999694824219,10.40999984741211,10.970000267028809,10.92403793334961,3934200,0.0
2026-02-25,11.680000305175781,12.699999809265137,11.550000190734863,12.5600004196167,12.507375717163086,6845100,0.0
2026-02-26,12.15999984741211,12.229999542236328,11.600000381469727,11.930000305175781,11.88001537322998,4530800,0.0
2026-02-27,11.460000038146973,11.529999732971191,11.109999656677246,11.260000228881836,11.212821960449219,4376500,0.0
2026-03-02,11.229999542236328,12.78499984741211,11.225000381469727,12.449999809265137,12.423212051391602,5897700,0.023
2026-03-03,11.699999809265137,12.385000228881836,11.359999656677246,12.100000381469727,12.073966026306152,6811000,0.0
2026-03-04,13.380000114440918,14.1850004196167,13.210000038146973,13.84000015258789,13.810221672058105,7033100,0.0
2026-03-05,13.619999885559082,13.729999542236328,12.869999885559082,13.119999885559082,13.091771125793457,5555800,0.0
2026-03-06,12.279999732971191,12.329999923706055,11.819999694824219,11.949999809265137,11.924288749694824,6244200,0.0
2026-03-09,12.180000305175781,12.46500015258789,12.0,12.289999961853027,12.263557434082031,5791400,0.0
2026-03-10,12.930000305175781,13.270000457763672,12.369999885559082,12.630000114440918,12.602825164794922,4846700,0.0
2026-03-11,12.710000038146973,13.109999656677246,12.5,12.859999656677246,12.832329750061035,3814700,0.0
2026-03-12,12.640000343322754,12.850000381469727,12.369999885559082,12.770000457763672,12.742525100708008,3701300,0.0
2026-03-13,13.729999542236328,14.0600004196167,12.90999984741211,13.029999732971191,13.001964569091797,7914200,0.0
2026-03-16,14.029999732971191,14.260000228881836,13.680000305175781,14.039999961853027,14.009791374206543,6644600,0.0
2026-03-17,13.949999809265137,14.409000396728516,13.8100004196167,14.260000228881836,14.229318618774414,4904200,0.0
2026-03-18,13.449999809265137,13.479999542236328,12.835000038146973,12.890000343322754,12.862266540527344,5388900,0.0
2026-03-19,12.180000305175781,12.729999542236328,12.0649995803833,12.600000381469727,12.572891235351562,5869200,0.0
2026-03-20,12.680000305175781,12.704999923706055,12.279999732971191,12.569999694824219,12.542954444885254,4386800,0.0
2026-03-23,12.800000190734863,13.15999984741211,12.524999618530273,12.739999771118164,12.712589263916016,5391900,0.0
2026-03-24,12.6899995803833,12.770000457763672,12.09000015258789,12.25,12.223642349243164,3570000,0.0
2026-03-25,13.050000190734863,13.180000305175781,12.680000305175781,12.770000457763672,12.742525100708008,3325300,0.0
2026-03-26,12.25,12.40999984741211,11.779999732971191,11.930000305175781,11.904332160949707,3984500,0.0
2026-03-27,11.270000457763672,11.289999961853027,10.880000114440918,11.029999732971191,11.006267547607422,5013200,0.0
2026-03-30,11.649999618530273,11.704999923706055,11.104999542236328,11.199999809265137,11.175902366638184,4677100,0.0
2026-03-31,11.289999961853027,11.890000343322754,11.164999961853027,11.640000343322754,11.61495590209961,4200000,0.0
2026-04-01,11.880000114440918,12.095000267028809,11.65999984741211,11.729999542236328,11.71784782409668,3163900,0.013
2026-04-02,11.010000228881836,11.484999656677246,10.880000114440918,11.329999923706055,11.318263053894043,4540500,0.0
2026-04-06,12.170000076293945,12.470000267028809,12.0600004196167,12.25,12.237309455871582,4470300,0.0
2026-04-07,11.8100004196167,12.020000457763672,11.539999961853027,11.979999542236328,11.967589378356934,3405900,0.0
2026-04-08,13.180000305175781,13.229999542236328,12.5600004196167,12.779999732971191,12.76676082611084,4931400,0.0
2026-04-09,12.729999542236328,13.239999771118164,12.489999771118164,13.069999694824219,13.0564603805542,2902800,0.0
2026-04-10,13.140000343322754,13.505000114440918,12.991000175476074,13.489999771118164,13.476024627685547,3343000,0.0
2026-04-13,12.720000267028809,13.569999694824219,12.560999870300293,13.520000457763672,13.50599479675293,4063900,0.0
2026-04-14,13.949999809265137,14.539999961853027,13.694999694824219,13.84000015258789,13.825662612915039,4334800,0.0
2026-04-15,13.890000343322754,14.229999542236328,13.59000015258789,14.140000343322754,14.125351905822754,4268500,0.0
2026-04-16,14.09000015258789,14.270000457763672,13.430000305175781,14.25,14.235238075256348,3401600,0.0
2026-04-17,14.739999771118164,15.380000114440918,14.5649995803833,15.029999732971191,15.014430046081543,7041500,0.0
2026-04-20,14.154999732971191,14.640999794006348,13.9399995803833,14.569999694824219,14.554905891418457,5158200,0.0
2026-04-21,14.470000267028809,14.65999984741211,13.979999542236328,14.050000190734863,14.035445213317871,3398400,0.0
2026-04-22,15.359999656677246,15.739999771118164,15.295000076293945,15.520000457763672,15.503922462463379,4826800,0.0
2026-04-23,15.010000228881836,15.430000305175781,14.739999771118164,15.069999694824219,15.054388046264648,3382700,0.0
2026-04-24,15.239999771118164,15.270000457763672,14.890000343322754,15.010000228881836,14.994450569152832,5038600,0.0
2026-04-27,15.0,15.225000381469727,14.5,14.6899995803833,14.674781799316406,10591000,0.0
2026-04-28,14.399999618530273,14.489999771118164,14.1850004196167,14.460000038146973,14.44502067565918,7703500,0.0
2026-04-29,14.699999809265137,14.699999809265137,13.914999961853027,14.149999618530273,14.13534164428711,7131100,0.0
2026-04-30,14.390000343322754,14.59000015258789,14.350000381469727,14.479999542236328,14.464999198913574,2218700,0.0
2026-05-01,15.194999694824219,15.449999809265137,15.09000015258789,15.229999542236328,15.229999542236328,3329200,0.015
